ID,References,Author,Climate,Name,Outlet Name,Yrs,Size(km2),L(km),RD(mm),QA,Rc,TSSC(mg/L),TSSL(g m-2 a-1),POCC ,DOCC ,PICC ,DICC ,TOCC (mg/L),POCL,DOCL,PICL,DICL,TOCL (g m-2 a-1),Total Rainfall,MAP,MAT,S,LAT,LONG,LU,Vc(%),RSCI(%),SOC(%),BD(g/cm3),CLAY(%),SILT(%),
1,1,Chen et al. 2005,Semiarid,Daheihe River,Togtoh(1956-1980),25,17700 ,236,24 ,13.63521055,0.060734463,,338.983 ,,,,,,,,,,,400,400,4.5,2.07627119,40.25,111.15,Agriculture,,,1,1.2901,,,
2,1,Chen et al. 2005,Semiarid,Dawenhe River,Dongping(1956-1980),25,9100 ,239,200 ,57.71182141,0.307692308,,219.780 ,,,,,,,,,,,650,650,13,1.29707113,35.92,116.36,Agriculture,,,0.7,1.333935351,,,
3,1,Chen et al. 2005,Semiarid,Fenhe River,Hejin(1956-1980),25,39500 ,694,36 ,45.66210046,0.068784332,,708.861 ,,,,,,,,,,,530,530,9,2.34870317,35.52,110.63,Agriculture,21.79,,0.65,1.34304322,,,
4,1,Chen et al. 2005,Semiarid,Huangshui River,Yongjing(1956-1980),25,32900 ,374,141 ,147.4505327,0.281548578,,729.483 ,,,,,,,,,,,502,502,4.2,3.74331551,36.15,103.31,Agriculture,,,,,,,
5,1,Chen et al. 2005,Semiarid,Kushuihe River,Lingwu(1956-1980),25,2500 ,224,8 ,0.5945586,0.03,,577.000 ,,,,,,,,,,,250,250,9,0.75892857,38.29,106.35,Grassland,,,0.5,1.57,5,6,
6,1,Chen et al. 2005,Semiarid,Kuyehe River,Wenjiachuan(1956-1980),25,8700 ,242,86 ,23.78234399,0.215517241,,15632.184 ,,,,,,,,,,,400,400,7.5,2.89256198,38.47,110.76,Grassland,16.06,,0.4524,1.387582871,,,
7,1,Chen et al. 2005,Semiarid,Luohe River,Gongyi(1956-1980),25,18900 ,447,181 ,108.7645865,0.32996633,,952.381 ,,,,,,,,,,,550,550,13,2.66219239,34.82,113.07,Agriculture,,,0.7,1.333935351,,,
8,1,Chen et al. 2005,Semiarid,Qingshuihe River,Zhongning(1956-1980),25,14500 ,320,8 ,3.805175038,0.02364532,,1724.138 ,,,,,,,,,,,350,350,5.5,1.75,37.39,105.64,Grassland,,,0.8758,1.306398694,21,43,
9,1,Chen et al. 2005,Semiarid,Qinhe River,Wuzhi(1956-1980),25,12900 ,485,138 ,56.44342973,0.214929122,,542.636 ,,,,,,,,,,,642,642,12,3.09278351,35.01,113.43,Agriculture,,,0.7,1.333935351,,,
10,1,Chen et al. 2005,Semiarid,Taohe River,Yongjing(1956-1980),25,25500 ,673,208 ,168.0618975,0.34468182,,1137.255 ,,,,,,,,,,,603,603,7.5,2.79346211,35.92,103.38,Grassland,,,0.85,1.310073576,,,
11,1,Chen et al. 2005,Semiarid,Weihe River,Tongguan(1956-1980),25,134800 ,818,42 ,179.5281583,0.066772655,,1268.546 ,,,,,,,,,,,629,629,9.5,3.02200489,34.64,110.18,Agriculture,17.78,,0.65,1.34304322,,,
12,1,Chen et al. 2005,Semiarid,Wudinghe River,Qingjian(1956-1980),25,30300 ,491,46 ,44.39370878,0.115511551,,7161.716 ,,,,,,,,,,,400,400,8,3.01652893,37.05,110.44,Agriculture,14.62,,0.4542,1.387094849,,,
13,1,Chen et al. 2005,Semiarid,Zulihe River,Jingyuan(1956-1980),25,10700 ,224,13 ,4.439370878,0.043613707,,5794.393 ,,,,,,,,,,,300,300,7.5,4.46428571,36.57,104.65,Grassland,,,0.5,1.375287788,21,43,
14,2,Chenji Xie. 2014,Humid subtropical,Dongjiang River,Boluo(2011),1,25300 ,562,825 ,661.8626332,0.59,,,,,,,,,0.85770751,,4.150197628,0.85770751,1401.4,1401.4,20,0.39,23.17,114.29,Forest,,75,,,,,
15,3,Gao et al. 2000,Humid subtropical,Xijiang River,Makou(1997-1998),1,353120 ,2214,651 ,7293,0.4008087,,,,,,,,8.297462619,1.880380607,,,10.16651563,1625,1625,20,0.85591689,23.11,112.8,Forest,32.94,,,,,,
16,4,Gao et al. 2001,Humid subtropical,Beijiang River,Sanshui(1997-1998),1,46710 ,468,1092 ,1617,0.610746109,,,,,,,,6.540355384,3.468208092,,,10.00856348,1787.5,1787.5,20,1.0491453,23.17,112.83,Forest,,,,,,,
17,5,Gao et al. 2002,Humid subtropical,Xijiang River,Makou(July 1997),1,353120 ,2214,,,,1296.94,,24.74,4.6,,,29.34,8.297462619,10.47568192,,,10.16651563,1625,1625,20,0.85591689,23.11,112.8,Forest,32.94,,,,,,
18,5,Gao et al. 2002,Humid subtropical,Xijiang River,Makou(October 1997),1,353120 ,2214,,,,163.33,,3.02,1.36,,,4.38,5.016538831,2.25910358,,,7.275642411,1625,1625,20,0.85591689,23.11,112.8,Forest,32.94,,,,,,
19,5,Gao et al. 2002,Humid subtropical,Xijiang River,Makou(February 1998),1,353120 ,2214,268 ,3000,0.164874002,19.56,,0.71,1.02,,,1.73,0.19022338,0.273278659,,,0.463502039,1625,1625,20,0.85591689,23.11,112.8,Forest,32.94,,,,,,
20,5,Gao et al. 2002,Humid subtropical,Xijiang River,Makou(April 1998),1,353120 ,2214,357 ,4000,0.219832003,26.07,,0.58,1.12,,,1.7,0.207191663,0.400094246,,,0.607285908,1625,1625,20,0.85591689,23.11,112.8,Forest,32.94,,,,,,
21,6,Gao et al. 2007,Humid subtropical,Zengjiang River,Qilinzui(2002-2003),1,2866 ,230,1331 ,121,0.608511056,64,85.211 ,209.6698051,,,,,0.800069784,,,,0.800069784,2188,2188,21.6,1.93043478,23.29,113.84,Forest,50,,1.1368,1.274342094,21,50,
22,7,Gao et al. 2015,Humid subtropical,Hanjiang River,Huangzhuang(1990-2010),21,142056 ,1577,352 ,1585.607306,0.391111111,209.9844108,73.915 ,,,,,,,,,,,900,900,15,0.60621433,31.08,112.53,Forest,,55,,,,,
23,7,Gao et al. 2015,Humid continental,Jailingjiang River,Beibei(2000-2010),11,156700 ,1119,416 ,2067.072552,0.431088083,460.213048,191.449 ,,,,,,,,,,,965,965,15,0.61710037,29.79,106.48,Agriculture,39.18,9.3,,,,,
24,7,Gao et al. 2015,Highlands,Jinshajiang River,Pingshan(2000-2010),11,485000 ,2316,318 ,4890.601218,0.447887324,1202.749141,382.474 ,,,,,,,,,,,710,710,8,1.30111111,28.65,104.38,Grassland,20.08,5.6,,,,,
25,7,Gao et al. 2015,Highlands,Minjiang River(Sichuan),Gaochang(1990-2010),21,125400 ,735,649 ,2580.688737,0.599261311,405.4821182,263.158 ,,,,,,,,,,,1083,1083,11,3.63265306,28.79,104.43,Forest,,1.75,,,,,
26,7,Gao et al. 2015,Humid subtropical,Wujiang River,Wulong(2005-2010),6,83035 ,1037,600 ,1579.813546,0.517241379,180.6467152,108.388 ,,,,,,,,,,,1160,1160,15,1.70684667,29.5,107.48,Forest,,9.57,,,,,
27,7,Gao et al. 2015,Highlands,Yangtze River,Pingshan(1956?1969),14,485000 ,2316,310 ,4765.875507,0.436464789,1543.613913,478.351 ,,,,,,,,,,,710,710,8,1.30111111,28.65,104.38,Grassland,,0.5,,,,,
28,7,Gao et al. 2015,Highlands,Yangtze River,Pingshan(1970-1985),16,485000 ,2316,275 ,4229.293506,0.387323944,1694.470478,465.979 ,,,,,,,,,,,710,710,8,1.30111111,28.65,104.38,Grassland,,1,,,,,
29,7,Gao et al. 2015,Highlands,Yangtze River,Pingshan(1986-2002),17,485000 ,2316,313 ,4813.704972,0.44084507,1811.534534,567.010 ,,,,,,,,,,,710,710,8,1.30111111,28.65,104.38,Grassland,10.1,2,,,,,
30,7,Gao et al. 2015,Highlands,Yangtze River,Pingshan(2003-2010),8,485000 ,2316,301 ,4629.153983,0.423943662,1034.352844,311.340 ,,,,,,,,,,,710,710,8,1.30111111,28.65,104.38,Grassland,,5.6,,,,,
31,7,Gao et al. 2015,Humid subtropical,Yangtze River,Yichang(1956?1969),14,1005500 ,4529,442 ,14092.81456,0.44,1230.787231,544.008 ,,,,,,,,,,,1004.545455,896,12,1.42703297,30.76,111.26,Forest,,0.41,,,,,
32,7,Gao et al. 2015,Humid subtropical,Yangtze River,Yichang(1970-1985),16,1005500 ,4529,432 ,13773.9726,0.43,1199.421699,518.150 ,,,,,,,,,,,1004.651163,896,12,1.42703297,30.76,111.26,Forest,,1.42,,,,,
33,7,Gao et al. 2015,Humid subtropical,Yangtze River,Yichang(1986-2002),17,1005500 ,4529,426 ,13569.91375,0.44,944.0558133,401.790 ,,,,,,,,,,,967.2727273,896,12,1.42703297,30.76,111.26,Forest,21,5.73,,,,,
34,7,Gao et al. 2015,Humid subtropical,Yangtze River,Yichang(2003-2010),8,1005500 ,4529,401 ,12775.99727,0.42,136.5089959,54.699 ,,,,,,,,,,,954.047619,896,12,1.42703297,30.76,111.26,Forest,,16,,,,,
35,7,Gao et al. 2015,Humid subtropical,Yangtze River,Hankou(1956?1969),14,1488000 ,5360,465 ,21940.63927,0.43,666.2619956,309.812 ,,,,,,,,,,,1081.395349,1000,14,1.23003731,30.59,114.32,Forest,,,,,,,
36,7,Gao et al. 2015,Humid subtropical,Yangtze River,Hankou(1970-1985),16,1488000 ,5360,475 ,22412.48097,0.42,602.7164686,286.290 ,,,,,,,,,,,1130.952381,1000,14,1.23003731,30.59,114.32,Forest,,,,,,,
37,7,Gao et al. 2015,Humid subtropical,Yangtze River,Hankou(1986-2002),17,1488000 ,5360,485 ,22865.44901,0.45,459.0306161,222.446 ,,,,,,,,,,,1076.888889,1000,14,1.23003731,30.59,114.32,Forest,,,,,,,
38,7,Gao et al. 2015,Humid subtropical,Yangtze River,Hankou(2003-2010),8,1488000 ,5360,476 ,22459.66514,0.42,166.5988976,79.301 ,,,,,,,,,,,1133.333333,1000,14,1.23003731,30.59,114.32,Forest,,,,,,,
39,7,Gao et al. 2015,Humid subtropical,Yangtze River,Datong(1956?1969),14,1705400 ,5756,503 ,27201.17326,0.43,586.3726985,294.945 ,,,,,,,,,,,1169.767442,1071,14,1.14819319,30.72,117.47,Forest,,1.67,,,,,
40,7,Gao et al. 2015,Humid subtropical,Yangtze River,Datong(1970-1985),16,1705400 ,5756,511 ,27633.7963,0.43,510.6376729,260.936 ,,,,,,,,,,,1188.372093,1071,14,1.14819319,30.72,117.47,Forest,,6.63,,,,,
41,7,Gao et al. 2015,Humid subtropical,Yangtze River,Datong(1986-2002),17,1705400 ,5756,542 ,29310.21055,0.46,367.8352721,199.367 ,,,,,,,,,,,1178.26087,1071,14,1.14819319,30.72,117.47,Forest,,10.29,,,,,
42,7,Gao et al. 2015,Humid subtropical,Yangtze River,Datong(2003-2010),8,1705400 ,5756,476 ,25741.07052,0.42,187.2450634,89.129 ,,,,,,,,,,,1133.333333,1071,14,1.14819319,30.72,117.47,Forest,36.94,15.12,,,,,
43,8,HUANG et al. 2014,Humid subtropical,Guijiang River,Majiang(2012),1,19236 ,426,910 ,555,0.454940736,,,0.37,1.39,,,,0.336656145,1.264735246,,,1.601391391,2000,2000,20,3.4600939,23.47,111.28,Forest,,,,,,,
44,9,"Huiguo Sun, 2006",Humid subtropical,Xijiang River,Wuzhou(2005),1,329705 ,2014,70 ,729,0.042804312,55.48,3.869 ,0.77,1.55,,440.6429218,2.32,1.21017273,0.961465553,,10.13026797,2.171638283,1629,1629,20,0.86891758,23.49,111.32,Forest,30,9,,,,,     
45,9,"Huiguo Sun, 2007",Humid subtropical,Guijiang River,Wuzhou(2005),1,18790 ,438,911 ,543,0.455669186,12,10.936 ,0.3,1.28,,,1.58,0.273401511,1.166513115,,,1.439914627,2000,2000,20,3.53881279,23.49,111.32,Forest,33.02,2,,,,,
46,9,"Huiguo Sun, 2008",Humid subtropical,Hejiang River,Fengkai(2005),1,11590 ,338,691 ,254,0.446175244,4.91,3.393 ,0.12,1.24,,,1.36,0.082935054,0.856995562,,,0.939930616,1549,1549,20,1.06213018,23.46,111.51,Forest,33.02,12,1.45,1.244434839,25,20,
47,9,"Huiguo Sun, 2009",Humid subtropical,Luodingjiang River,Guanliang(2005) ,1,3164 ,201,847 ,85,0.546937423,21.87,1.865 ,0.35,2.29,,,2.64,0.296522124,1.940101896,,,2.23662402,1549,1549,20,4.83084577,22.84,111.68,Forest,,5.5,1.49,1.241090415,,,
48,10,Li et al. 2014,Humid subtropical,Yangtze River,Nanjing(2007-2008),1,1808500 ,6300,529 ,30336.64701,0.493930906,,79.624 ,,,,,,0.962123307,,,,0.962123307,1071,1071,14,0.85666667,32.22,119.08,Forest,37.52,23.69,,,,,
49,11,Liang Wang. 2014,Semiarid,Yellow River,Lijin(2010-2011),1,751900 ,5360,83 ,1968.68287,0.177952586,,,,,,,,0.465487432,0.053198564,0.513366139,0.747439819,0.5187,464,464,10,0.87966418,37.62,118.32,Grassland,17.4002322,143.08,,,,,
50,12,LIN et al. 2016,Humid subtropical,Yangtze River,Yangtze River Mouth(2003),1,1808500 ,6300,559 ,32057,0.535952946,,,,,,,,1.487420514,0.729886646,,,2.217307161,1043,1071,14,0.85698413,31.77,121.03,Forest,35.08,,,,,,
51,12,LIN et al. 2016,Humid subtropical,Yangtze River,Yangtze River Mouth(2004),1,1808500 ,6300,486 ,27890,0.479148978,,,,,,,,0.901299419,0.663533315,,,1.564832734,1015,1071,14,0.85698413,31.77,121.03,Forest,37.85,21.73337139,,,,,
52,13,Lu et al. 2012,Humid subtropical,Longchuanjiang River,Xiaohekou(2007-2009),2,1788 ,231,179 ,10.15,0.216995729,164,223.714 ,6.8,8.5,,,15,3.970917226,1.621923937,,,5.592841163,825,825,15.6,9.95670996,25.96,101.87,Forest,,,1.83,1.215829568,,,
53,14,"Luo Yan, 2007",Humid subtropical,Beijiang River,Sanshui(1971-2010),30,46710 ,468,1096 ,1623,0.613012329,151.3384615,165.831 ,3.01,2.15,,63.5,5.16,3.911368015,2.250053522,,16.42474845,6.159280668,1787.5,1757,20,1.0491453,23.17,112.83,Forest,,,,,,,
54,15,MWRC. 2004,Humid continental,Huaihe River,Lutaizi(2004),1,88600 ,650,163 ,457.8424188,0.208926876,141,28.104 ,,,,,,,,,,,780,780,15,1.72769231,32.54,116.56,Agriculture,37.5179872,97.37034091,,,,,
55,15,MWRC. 2004,Humid continental,Liaohe River,Liujianfang(2004),1,136500 ,1200,107 ,462.5776662,0.244611331,528,5.128 ,,,,,,,,,,,436.9,436.9,7,0.66,41.27,122.52,Agriculture,9.12,50.85020701,,,,,
56,15,MWRC. 2004,Humid subtropical,Pearl River,Pearl River Mouth(2004),1,453700 ,2214,596 ,8574.492643,0.470031546,126,59.310 ,,,,,,,,,,,1268,1268,20,0.85094851,22.93,113.56,Forest,30,14.81489351,,,,,
57,15,MWRC. 2004,Humid continental,Songhuajiang River,Jiamusi(2004),1,528300 ,1956,108 ,1805.956053,0.246746573,201,15.749 ,,,,,,,,,,,436.9,436.9,3,0.3696319,46.85,130.38,Agriculture,40.19487053,32.29984619,,,,,
58,15,MWRC. 2004,Humid subtropical,Yangtze River,Datong(2004),1,1705400 ,5756,462 ,25000,0.425295525,186,86.197 ,,,,,,,,,,,1087,1087,14,0.93606671,30.72,117.47,Forest,35.9,21.73337139,,,,,
59,15,MWRC. 2004,Semiarid,Yellow River,Lijin(2004),1,751900 ,5360,26 ,630.3906646,0.062682992,13000,343.131 ,,,,,,,,,,,421.8,421.8,10,0.87966418,37.62,118.32,Grassland,18.6037318,158.9045892,,,,,
60,16,MWRC. 2006,Humid continental,Huaihe River,Lutaizi(2006),1,88600 ,650,235 ,659.8133585,0.291018404,76,14.673 ,,,,,,,,,,,807,807,15,1.72769231,32.54,116.56,Agriculture,50.933897,56.89474846,,,,,
61,16,MWRC. 2006,Humid continental,Liaohe River,Liujianfang(2006),1,136500 ,1200,102 ,442.4200655,0.219436712,374,3.370 ,,,,,,,,,,,465.8,465.8,7,0.66,41.27,122.52,Agriculture,5.97,145.7111492,,,,,
62,16,MWRC. 2006,Humid subtropical,Pearl River,Pearl River Mouth(2006),1,453700 ,2214,1099 ,15807.9655,0.702100796,143,99.736 ,,,,,,,,,,,1565,1565,20,0.85094851,22.93,113.56,Forest,,17.26528123,,,,,
63,16,MWRC. 2006,Humid continental,Songhuajiang River,Jiamusi(2006),1,528300 ,1956,116 ,1945.110096,0.249270394,373,30.097 ,,,,,,,,,,,465.8,465.8,3,0.3696319,46.85,130.38,Agriculture,42.08333231,41.19041828,,,,,
64,16,MWRC. 2006,Humid subtropical,Yangtze River,Datong(2006),1,1705400 ,5756,467 ,25236.87215,0.429325151,123,49.724 ,,,,,,,,,,,1087,1087,14,0.93606671,30.72,117.47,Forest,36.7,24.28625529,,,,,
65,16,MWRC. 2006,Semiarid,Yellow River,Lijin(2006),1,751900 ,5360,61 ,1445.966514,0.148935075,7770,198.165 ,,,,,,,,,,,407.2,407.2,10,0.87966418,37.62,118.32,Grassland,12.9101698,169.8517544,,,,,
66,17,MWRC. 2007,Humid continental,Huaihe River,Lutaizi(2007),1,88600 ,650,352 ,988.1071838,0.359541713,78,26.524 ,,,,,,,,,,,978.2,978.2,15,1.72769231,32.54,116.56,Agriculture,53.18981263,38.47696925,,,,,
67,17,MWRC. 2007,Humid continental,Liaohe River,Liujianfang(2007),1,136500 ,1200,100 ,432.3619326,0.244050477,382,2.733 ,,,,,,,,,,,409.3,409.3,7,0.66,41.27,122.52,Agriculture,7.4,122.1158381,,,,,
68,17,MWRC. 2007,Humid subtropical,Pearl River,Pearl River Mouth(2007),1,453700 ,2214,876 ,12599.88584,0.628714276,64,33.326 ,,,,,,,,,,,1393,1393,20,0.85094851,22.93,113.56,Forest,,21.81896565,,,,,
69,17,MWRC. 2007,Humid continental,Songhuajiang River,Jiamusi(2007),1,528300 ,1956,80 ,1346.917955,0.19643795,126,6.455 ,,,,,,,,,,,409.3,409.3,3,0.3696319,46.85,130.38,Agriculture,39.1813212,79.48500532,,,,,
70,17,MWRC. 2007,Humid subtropical,Yangtze River,Datong(2007),1,1705400 ,5756,510 ,27585.29934,0.504503216,179,80.919 ,,,,,,,,,,,1011.1,1011.1,14,0.93606671,30.72,117.47,Forest,37.5,26.49050383,,,,,
71,17,MWRC. 2007,Semiarid,Yellow River,Lijin(2007),1,751900 ,5360,72 ,1718.987823,0.148930703,7210,195.505 ,,,,,,,,,,,484.1,484.1,10,0.87966418,37.62,118.32,Grassland,16.81063,149.4644531,,,,,
72,18,MWRC. 2008,Humid continental,Huaihe River,Lutaizi(2008),1,88600 ,650,290 ,813.8148994,0.3293538,112,27.540 ,,,,,,,,,,,879.5,879.5,15,1.72769231,32.54,116.56,Agriculture,55.49083312,79.37435111,,,,,
73,18,MWRC. 2008,Humid continental,Liaohe River,Liujianfang(2008),1,136500 ,1200,97 ,420.3748427,0.204206155,821,14.579 ,,,,,,,,,,,475.6,475.6,7,0.66,41.27,122.52,Agriculture,7.67,128.9508358,,,,,
74,18,MWRC. 2008,Humid subtropical,Pearl River,Pearl River Mouth(2008),1,453700 ,2214,1253 ,18021.62608,0.710525207,110,98.281 ,,,,,,,,,,,1763,1763,20,0.85094851,22.93,113.56,Forest,,19.27955237,,,,,
75,18,MWRC. 2008,Humid continental,Songhuajiang River,Jiamusi(2008),1,528300 ,1956,84 ,1413.045247,0.177353686,106,4.978 ,,,,,,,,,,,475.6,475.6,3,0.3696319,46.85,130.38,Agriculture,41.22008155,74.12362714,,,,,
76,18,MWRC. 2008,Humid subtropical,Yangtze River,Datong(2008),1,1705400 ,5756,548 ,29630.58092,0.510932712,157,76.228 ,,,,,,,,,,,1072.4,1072.4,14,0.93606671,30.72,117.47,Forest,37,24.75062444,,,,,
77,18,MWRC. 2008,Semiarid,Yellow River,Lijin(2008),1,751900 ,5360,60 ,1440.258752,0.1394758,5300,102.540 ,,,,,,,,,,,433.1,433.1,10,0.87966418,37.62,118.32,Grassland,14.31258931,182.1215324,,,,,
78,19,MWRC. 2009,Humid continental,Huaihe River,Lutaizi(2009),1,88600 ,650,201 ,565.5394423,0.251024188,85,12.528 ,,,,,,,,,,,801.9,801.9,15,1.72769231,32.54,116.56,Agriculture,57.83695845,114.2285373,,,,,
79,19,MWRC. 2009,Humid continental,Liaohe River,Liujianfang(2009),1,136500 ,1200,65 ,282.7299827,0.128557266,521,4.366 ,,,,,,,,,,,508.1,508.1,7,0.66,41.27,122.52,Agriculture,6.72,204.6684698,,,,,
80,19,MWRC. 2009,Humid subtropical,Pearl River,Pearl River Mouth(2009),1,453700 ,2214,895 ,12872.27296,0.680404716,50,35.581 ,,,,,,,,,,,1315,1315,20,0.85094851,22.93,113.56,Forest,,26.28533034,,,,,
81,19,MWRC. 2009,Humid continental,Songhuajiang River,Jiamusi(2009),1,528300 ,1956,137 ,2289.545475,0.268983769,380,36.722 ,,,,,,,,,,,508.1,508.1,3,0.3696319,46.85,130.38,Agriculture,38.67891967,45.23529274,,,,,
82,19,MWRC. 2009,Humid subtropical,Yangtze River,Datong(2009),1,1705400 ,5756,505 ,27296.42314,0.50541839,142,65.087 ,,,,,,,,,,,998.7,998.7,14,0.93606671,30.72,117.47,Forest,38,28.10856509,,,,,
83,19,MWRC. 2009,Semiarid,Yellow River,Lijin(2009),1,751900 ,5360,73 ,1749.429224,0.166607899,4220,74.611 ,,,,,,,,,,,440.4,440.4,10,0.87966418,37.62,118.32,Grassland,18.6037318,152.6161138,,,,,
84,20,MWRC. 2010,Humid continental,Huaihe River,Lutaizi(2010),1,88600 ,650,263 ,738.5830656,0.31464858,123,36.005 ,,,,,,,,,,,835.5,835.5,15,1.72769231,32.54,116.56,Agriculture,60.22818863,94.00526909,,,,,
85,20,MWRC. 2010,Humid continental,Liaohe River,Liujianfang(2010),1,136500 ,1200,224 ,967.6474993,0.387449693,724,37.656 ,,,,,,,,,,,577,577,7,0.66,41.27,122.52,Agriculture,7.06,60.36599744,,,,,
86,20,MWRC. 2010,Humid subtropical,Pearl River,Pearl River Mouth(2009),1,453700 ,2214,1085 ,15605.33993,0.69089398,95,54.992 ,,,,,,,,,,,1570,1570,20,0.85094851,22.93,113.56,Forest,,21.45776116,,,,,
87,20,MWRC. 2010,Humid continental,Songhuajiang River,Jiamusi(2010),1,528300 ,1956,153 ,2568.391183,0.265712113,269,31.611 ,,,,,,,,,,,577,577,3,0.3696319,46.85,130.38,Agriculture,47.067195,40.55517025,,,,,
88,20,MWRC. 2010,Humid subtropical,Yangtze River,Datong(2010),1,1705400 ,5756,654 ,35344.05124,0.563234121,181,108.479 ,,,,,,,,,,,1160.4,1160.4,14,0.93606671,30.72,117.47,Forest,38.8,22.09979365,,,,,
89,20,MWRC. 2010,Semiarid,Yellow River,Lijin(2010),1,751900 ,5360,76 ,1803.970066,0.168436458,8660,222.104 ,,,,,,,,,,,449.2,449.2,10,0.87966418,37.62,118.32,Grassland,17.4002322,148.3499912,,,,,
90,21,MWRC. 2011,Humid continental,Huaihe River,Lutaizi(2011),1,88600 ,650,238 ,669.3864273,0.294147234,54,4.695 ,,,,,,,,,,,810,810,15,1.72769231,32.54,116.56,Agriculture,62.66452366,97.35226178,,,,,
91,21,MWRC. 2011,Humid continental,Liaohe River,Liujianfang(2011),1,136500 ,1200,106 ,457.5761562,0.23782942,676,11.502 ,,,,,,,,,,,444.5,444.5,7,0.66,41.27,122.52,Agriculture,,127.8543511,,,,,
92,21,MWRC. 2011,Humid subtropical,Pearl River,Pearl River Mouth(2011),1,453700 ,2214,810 ,11659.05632,0.631106106,77,27.996 ,,,,,,,,,,,1284.1,1284.1,20,0.85094851,22.93,113.56,Forest,,28.82996356,,,,,
93,21,MWRC. 2011,Humid continental,Songhuajiang River,Jiamusi(2011),1,528300 ,1956,106 ,1769.308272,0.237606184,177,15.010 ,,,,,,,,,,,444.5,444.5,3,0.3696319,46.85,130.38,Agriculture,,59.20491239,,,,,
94,21,MWRC. 2011,Humid subtropical,Yangtze River,Datong(2011),1,1705400 ,5756,452 ,24459.66514,0.485669972,108,42.102 ,,,,,,,,,,,931.3,931.3,14,0.93606671,30.72,117.47,Forest,,32.5363799,,,,,
95,21,MWRC. 2011,Semiarid,Yellow River,Lijin(2011),1,751900 ,5360,83 ,1968.860984,0.168835556,5030,123.155 ,,,,,,,,,,,489.1,489.1,10,0.87966418,37.62,118.32,Grassland,,137.8072959,,,,,
96,22,MWRC. 2012,Semi-arid continental,Haihe River,Haihezha(2012),1,318000 ,1329,74 ,746.7656012,0.123160825,5,0.014 ,,,,,,,,,,,601.3,601.3,9,1.72761475,38.99,117.72,Agriculture,76.9,151.5828025,,,,,
97,22,MWRC. 2012,Humid continental,Huaihe River,Lutaizi(2012),1,88600 ,650,194 ,544.1040927,0.26453581,100,10.248 ,,,,,,,,,,,732.1,732.1,15,1.72769231,32.54,116.56,Agriculture,65.14596354,104.1990438,,,,,
98,22,MWRC. 2012,Humid continental,Liaohe River,Liujianfang(2012),1,136500 ,1200,191 ,826.0069427,0.317476019,694,14.725 ,,,,,,,,,,,601.1,601.1,7,0.66,41.27,122.52,Agriculture,,77.88860717,,,,,
99,22,MWRC. 2012,Humid subtropical,Pearl River,Pearl River Mouth(2012),1,453700 ,2214,1116 ,16054.98478,0.672587802,78,50.875 ,,,,,,,,,,,1659.2,1659.2,20,0.85094851,22.93,113.56,Forest,,27.55859256,,,,,
100,22,MWRC. 2012,Humid continental,Songhuajiang River,Jiamusi(2012),1,528300 ,1956,139 ,2328.254134,0.231211617,195,17.623 ,,,,,,,,,,,601.1,601.1,3,0.3696319,46.85,130.38,Agriculture,,43.68116533,,,,,
101,22,MWRC. 2012,Humid subtropical,Yangtze River,Datong(2012),1,1705400 ,5756,626 ,33863.20396,0.540147734,161,94.406 ,,,,,,,,,,,1159.3,1159.3,14,0.93606671,30.72,117.47,Forest,,28.06015956,,,,,
102,22,MWRC. 2012,Semiarid,Yellow River,Lijin(2012),1,751900 ,5360,88 ,2094.114663,0.179210015,6480,243.383 ,,,,,,,,,,,490.1,490.1,10,0.87966418,37.62,118.32,Grassland,,123.4617807,,,,,
103,23,MWRC. 2014,Semi-arid continental,Baihe River,Zhangjiafen(1954-2010),57,8500 ,200,60 ,16.28932014,0.120870588,2470,149.000 ,,,,,,,,,,,500,500,7,5.74,41.61,116.8,Agriculture,,,,,,,
104,23,MWRC. 2014,Humid subtropical,Beijiang River,Shijiao(1954-2010),57,38400 ,573,1086 ,1322.932522,0.618359894,130,140.000 ,,,,,,,,,,,1757,1757,20,0.86038394,23.55,112.97,Forest,,,,,,,
105,20,MWRC. 2010,Semiarid,Beiluo River,Zhuangtou(2009-2010),2,25600 ,680,20 ,16.2354135,0.044444444,13575,317.350 ,,,,,,,,,,,450,450,9,1.60294118,35.06,109.84,Agriculture,,,,,,,
106,23,MWRC. 2014,Humid subtropical,Caoejiang River,Shangyudongshan(1956-2010),55,4500 ,182,742 ,105.942415,0.464027778,226,179.000 ,,,,,,,,,,,1600,1600,17,2.64835165,29.89,120.85,Forest,,,1.566,1.234976327,,,
107,23,MWRC. 2014,Semi-arid continental,Chaohe River,Xiahui(1961-2010),50,5300 ,160,67 ,11.20624049,0.118016363,3210,153.000 ,,,,,,,,,,,565,565,8,7.0125,40.61,117.17,Agriculture,,,,,,,
108,23,MWRC. 2014,Humid subtropical,Dazhangxi River,Yongtai(1952-2010),59,4000 ,234,933 ,118.3092339,0.548676471,146,134.000 ,,,,,,,,,,,1700,1700,19,4.42735043,25.86,118.96,Forest,,,1.45,1.244434839,,,
109,23,MWRC. 2014,Humid subtropical,Dongjiang River,Boluo(1954-2010),57,25300 ,562,923 ,740.1065449,0.515956177,103,94.700 ,,,,,,,,,,,1788,1788,20,1.76512456,23.17,114.29,Forest,,,,,,,
110,23,MWRC. 2014,Humid subtropical,Futunxi River,Yangkou(1952-2010),59,12700 ,285,1083 ,436.0096398,0.636868921,91,98.700 ,,,,,,,,,,,1700,1700,19,2.80350877,26.79,117.91,Forest,,,1.45,1.244434839,48,25,
111,23,MWRC. 2014,Humid subtropical,Ganjiang River,Waizhou(1950-2010),61,80900 ,744,844 ,2165.778792,0.527657602,127,106.000 ,,,,,,,,,,,1600,1600,18,1.19354839,28.65,115.86,Forest,,,,,,,
112,23,MWRC. 2014,Semi-arid continental,Haihe River,Haihezha(1960-2010),51,318000 ,1329,68 ,685.6925419,0.127102804,90,0.232 ,,,,,,,,,,,535,535,9,1.72761475,38.99,117.72,Agriculture,,,,,,,
113,23,MWRC. 2014,Humid subtropical,Hanjiang River,Huangzhuang(1950-2010),61,142100 ,1532,334 ,1506.849315,0.371569317,1000,336.000 ,,,,,,,,,,,900,900,15,0.60621433,31.08,112.53,Forest,,32.7,,,,,
114,23,MWRC. 2014,Humid subtropical,Hongshuihe River,Qianjiang(1954-2010),57,128900 ,1573,509 ,2081.113648,0.346363526,584,297.000 ,,,,,,,,,,,1470,1470,16,1.30387794,23.63,108.98,Forest,,,,,,,
115,23,MWRC. 2014,Humid continental,Huaihe River,Xixian(1956-2010),55,10200 ,255,366 ,118.4043633,0.406753813,634,232.000 ,,,,,,,,,,,900,900,15,4.31372549,32.32,114.75,Agriculture,,,1.566,1.234976327,21,50,
116,23,MWRC. 2014,Humid continental,Huaihe River,Lutaizi(1950-2010),61,88600 ,650,250 ,702.3718924,0.298329356,370,92.400 ,,,,,,,,,,,838,838,15,1.72769231,32.54,116.56,Agriculture,,,,,,,
117,23,MWRC. 2014,Humid continental,Huaihe River,Bangbu(1956-2010),61,121300 ,1000,222 ,855.2130898,0.26532375,332,73.900 ,,,,,,,,,,,838,838,15,0.573,33.14,118.01,Agriculture,,,,,,,
118,23,MWRC. 2014,Humid continental,Jialingjiang River,Beibei(1956-2010),55,156700 ,1119,417 ,2071.60071,0.432032431,1570,657.000 ,,,,,,,,,,,965,965,15,0.61710037,29.79,106.48,Agriculture,,4.26,,,,,
119,23,MWRC. 2014,Humid subtropical,Jianxi River,Qilijie No.2(1953-2010),58,14800 ,295,1050 ,492.7701674,0.617647059,98,103.000 ,,,,,,,,,,,1700,1700,18,3.08474576,27.02,118.31,Forest,,,1.45,1.244434839,48,25,
120,20,MWRC. 2010,Semiarid,Jinghe River,Zhangjiashan(2009-2010),2,43200 ,483,49 ,66.84931507,0.09740519,99900,2480.000 ,,,,,,,,,,,501,501,13.4,4.43064182,34.65,108.58,Agriculture,60.6,,,,,,
121,20,MWRC. 2010,Semiarid,Kuyehe River,Wenjiachuan(2009-2010),2,8500 ,242,15 ,3.959443176,0.036725,526,7.700 ,,,,,,,,,,,400,400,7.5,2.89256198,38.47,110.76,Grassland,40.15,,0.4524,1.387582871,,,
122,23,MWRC. 2014,Humid subtropical,Lanjiang River,Lanxi(1977-2010),34,18200 ,303,904 ,521.6260781,0.602564103,120,109.000 ,,,,,,,,,,,1500,1500,16,2.21122112,29.29,119.51,Forest,,,1.45,1.244434839,,,
123,23,MWRC. 2014,Humid continental,Laohahe River,Xinglongpo(1963-2010),48,19100 ,449,27 ,16.14662608,0.057955839,27400,730.000 ,,,,,,,,,,,460,460,7,1.48552339,42.31,119.42,Agriculture,,,,,,,
124,23,MWRC. 2014,Humid continental,Liaohe River Mainstream,Tieling(1954-2010),57,120800 ,900,25 ,94.08295282,0.05339404,3880,95.000 ,,,,,,,,,,,460,460,7,0.83333333,42.13,123.57,Agriculture,,,,,,,
125,23,MWRC. 2014,Humid continental,Liaohe River Mainstream,Liujianfang(1987-2011),24,136500 ,1200,22 ,93.06823947,0.039023288,1420,30.500 ,,,,,,,,,,,551,551,7,0.66,41.27,122.52,Agriculture,6.595,,,,,,
126,23,MWRC. 2014,Humid subtropical,Lishui River,Shimen(1950-2010),61,15300 ,372,965 ,468.3536276,0.603349673,365,352.000 ,,,,,,,,,,,1600,1600,17,1.26344086,29.62,111.88,Forest,,,1.566,1.234976327,,,
127,23,MWRC. 2014,Humid subtropical,Liujiang River,Liuzhou(1954-2010),57,45400 ,773,868 ,1249.048706,0.590218466,132,114.000 ,,,,,,,,,,,1470,1470,17,1.24191462,24.26,109.68,Forest,,,,,,,
128,23,MWRC. 2014,Humid subtropical,Minjiang River(Fujian),Zhuqi No.2(1950-2010),61,54500 ,577,985 ,1701.547438,0.575781963,109,107.000 ,,,,,,,,,,,1710,1710,18,0.60311958,26.14,119.13,Forest,,,,,,,
129,23,MWRC. 2014,Highlands,Minjiang River(Sichuan),Gaochang(1956-2010),55,125400 ,735,675 ,2684.550989,0.623379148,535,335.000 ,,,,,,,,,,,1083,1083,11,3.63265306,28.79,104.43,Forest,,1,,,,,
130,23,MWRC. 2014,Humid subtropical,Nanpanjiang River,Xiaolongtan(1953-2010),58,15400 ,400,245 ,119.6410452,0.215289982,1260,306.000 ,,,,,,,,,,,1138,1138,15,2.7375,23.81,103.2,Forest,,,,,,,
131,23,MWRC. 2014,Humid continental,Nenjiang River,Jiangqiao(1955-2010),56,162600 ,1000,124 ,641.8061898,0.276616099,96,11.900 ,,,,,,,,,,,450,450,1,0.428,46.79,123.72,Forest,,,,,,,
132,23,MWRC. 2014,Humid continental,Nenjiang River,Dalai(1955-2010),56,221700 ,1300,93 ,653.2217149,0.20648524,70,6.740 ,,,,,,,,,,,450,450,1,0.33384615,45.54,124.26,Agriculture,,,,,,,
133,23,MWRC. 2014,Humid subtropical,Puyangjiang River,Zhuji(1956-2010),55,1700 ,150,682 ,36.7833587,0.426470588,147,99.500 ,,,,,,,,,,,1600,1600,16,2.97333333,29.71,120.24,Agriculture,,,1.45,1.244434839,,,
134,23,MWRC. 2014,Humid subtropical,Qujiang River,Quzhou(1958-2010),53,5400 ,150,1147 ,196.4104515,0.764691358,170,194.000 ,,,,,,,,,,,1500,1500,16,4.21333333,28.98,118.87,Forest,,,1.45,1.244434839,50,22,
135,23,MWRC. 2014,Humid subtropical,Raohe River,Hushan(1953-2010),58,6400 ,313,1112 ,225.7420091,0.7415625,81,88.100 ,,,,,,,,,,,1500,1500,18,1.24600639,29.15,116.69,Forest,,,1.45,1.244434839,48,25,
136,23,MWRC. 2014,Semi-arid continental,Sanggan River,Shixiali(1952-2010),59,23600 ,506,19 ,14.25989346,0.038110169,20200,384.000 ,,,,,,,,,,,500,500,8,1.18577075,40.25,114.73,Agriculture,,,,,,,
137,23,MWRC. 2014,Humid continental,Second Songhuajiang River,Fuyu(1955-2010),56,71800 ,850,205 ,467.7194318,0.320987117,140,28.800 ,,,,,,,,,,,640,640,5,1.83058824,44.87,125.22,Agriculture,,,,,,,
138,23,MWRC. 2014,Humid subtropical,Shaxi River,Shaxian(1952-2010),59,9900 ,328,939 ,294.9010654,0.55258467,115,108.000 ,,,,,,,,,,,1700,1700,19,2.67987805,26.52,117.99,Forest,,,1.45,1.244434839,48,25,
139,23,MWRC. 2014,Humid continental,Songhuajiang River Mainstream,Harbin(1955-2010),56,389800 ,1500,104 ,1287.417555,0.181773085,150,15.700 ,,,,,,,,,,,573,573,3,0.456,45.76,126.54,Agriculture,,,,,,,
140,23,MWRC. 2014,Humid continental,Songhuajiang River Mainstream,Jiamusi(1955-2010),56,528300 ,1956,120 ,2004.058853,0.226999997,199,23.800 ,,,,,,,,,,,527,527,3,0.3696319,46.85,130.38,Agriculture,,,,,,,
141,20,MWRC. 2010,Semiarid,TaoHe River,Hongqi(2009-2010),2,25500 ,673,128 ,103.1934932,0.232036364,798,97.450 ,,,,,,,,,,,550,550,7.5,2.79346211,35.92,103.38,Grassland,,,,,,,
142,20,MWRC. 2010,Semiarid,Weihe River,Huaxian(2009-2010),2,46800 ,700,56 ,82.3630137,0.085384615,2130,120.650 ,,,,,,,,,,,650,650,9.5,1.40586797,34.57,109.73,Agriculture,20.98,,,,,,
143,20,MWRC. 2010,Semiarid,Wudinghe River,Baijiachuan(2009-2010),2,29700 ,491,30 ,28.06506849,0.0745,8595,263.000 ,,,,,,,,,,,400,400,8,3.01652893,37.05,110.44,Agriculture,36.43,,0.4542,1.387094849,,,
144,23,MWRC. 2014,Humid subtropical,Wujiang River,Wulong(1956-2010),55,83000 ,1018,588 ,1546.803653,0.504906223,499,293.000 ,,,,,,,,,,,1164,1164,15,1.70684667,29.5,107.48,Forest,,4.11,,,,,
145,23,MWRC. 2014,Humid subtropical,Xiangjiang River,Xiangtan(1950-2010),61,81600 ,817,808 ,2091.894977,0.538970588,145,117.000 ,,,,,,,,,,,1500,1500,17,0.88127295,27.86,112.94,Forest,,,,,,,
146,23,MWRC. 2014,Humid subtropical,Xijiang River,Wuzhou(1954-2010),57,327000 ,2014,619 ,6421.232877,0.381086803,294,182.000 ,5.7074,1.7959,,,,3.534399083,1.112139908,,,4.646538991,1625,1625,20,0.86891758,23.49,111.32,Forest,,,,,,,
147,23,MWRC. 2014,Humid subtropical,Xijiang River,Gaoyao(1957-2010),54,351500 ,2214,621 ,6919.076611,0.382011161,292,182.000 ,5.6694,1.7903,,,,3.519382873,1.111361195,,,4.630744068,1625,1625,20,0.85230352,23.03,112.46,Forest,,,,,,,
148,23,MWRC. 2014,Humid continental,Xilamulunhe River,Balinqiao(1994-2010),17,11200 ,150,31 ,10.84474886,0.066381988,14600,444.000 ,,,,,,,,,,,460,460,7,4.62,43.26,118.61,Grassland,,,0.9628,1.294759087,5,6,
149,23,MWRC. 2014,Humid subtropical,Xinjiang River,Meigang(1953-2010),58,15500 ,313,1159 ,569.8249619,0.724596774,116,133.000 ,,,,,,,,,,,1600,1600,18,0.69648562,28.55,116.75,Forest,,,1.45,1.244434839,48,25,
150,23,MWRC. 2014,Humid subtropical,Xiushui River,Wanjiabu(1953-2010),58,3500 ,357,997 ,110.667174,0.639194139,104,102.000 ,,,,,,,,,,,1560,1560,16.5,0.42016807,29.21,115,Agriculture,,,1.45,1.244434839,,,
151,23,MWRC. 2014,Humid subtropical,Xunjiang River,Dahuangjiangkou(1954-2010),57,288500 ,1812,591 ,5403.348554,0.393760832,313,185.000 ,,,,,,,,,,,1500,1500,20,1.17384106,23.58,110.22,Forest,,,,,,,
152,23,MWRC. 2014,Highlands,Yalongjiang River,Tongzilin(1999-2010),12,128400 ,1500,474 ,1929.540842,0.557540773,227,107.000 ,,,,,,,,,,,850,850,0,2.14,26.71,101.85,Grassland,,,,,,,
153,23,MWRC. 2014,Semi-arid continental,Yanghe River,Xiangshuibao(1952-2010),59,14500 ,262,23 ,10.73376459,0.046689655,18400,429.000 ,,,,,,,,,,,500,500,8,2.44274809,40.51,115.18,Grassland,,,0.7129,1.331691095,21,43,
154,23,MWRC. 2014,Highlands,Yangtze River,Zhimenda(1957-2010),54,137700 ,1188,93 ,405.8853374,0.232389252,678,70.000 ,,,,,,,,,,,400,400,-3,2.69385965,33,97.25,Grassland,,,,,,,
155,23,MWRC. 2014,Highlands,Yangtze River,Shigu(1952-2010),58,214200 ,2100,199 ,1349.885845,0.390450876,618,117.000 ,,,,,,,,,,,509,509,5,1.71428571,26.88,99.96,Grassland,,,,,,,
156,23,MWRC. 2014,Highlands,Yangtze River,Xiangjiaba(1956-2010),55,458800 ,3400,313 ,4553.526129,0.440831563,1660,513.000 ,,,,,,,,,,,710,710,8,1.44411765,28.64,104.39,Grassland,,,,,,,
157,23,MWRC. 2014,Humid subtropical,Yangtze River,Zhutuo(1954-2010),57,694700 ,3650,384 ,8460.172501,0.480063337,1090,435.000 ,,,,,,,,,,,800,800,11,1.3890411,29.01,105.86,Forest,,,,,,,
158,23,MWRC. 2014,Humid subtropical,Yangtze River,Cuntan(1950-2010),61,866600 ,3780,398 ,10939.87823,0.444316458,1160,482.000 ,,,,,,,,,,,896,896,11,1.38624339,29.81,107.06,Forest,,,,,,,
159,23,MWRC. 2014,Humid subtropical,Yangtze River,Yichang(1950-2010),61,1005500 ,4529,429 ,13682.77524,0.440143314,1010,468.000 ,,,,,,,,,,,975,975,12,1.42703297,30.76,111.26,Forest,,4.28,,,,,
160,23,MWRC. 2014,Humid subtropical,Yangtze River,Hankou(1954-2010),55,1488000 ,5360,475 ,22425.16489,0.456989247,507,258.000 ,,,,,,,,,,,1040,1040,14,1.23003731,30.59,114.32,Forest,,,,,,,
161,23,MWRC. 2014,Humid subtropical,Yangtze River,Datong(1950-2010),61,1705400 ,5756,526 ,28424.65753,0.490779166,437,243.000 ,,,,,,,,,,,1071,1071,14,0.93606671,30.72,117.47,Forest,,7.65,,,,,
162,20,MWRC. 2010,Semiarid,Yanhe River,Ganguyi(2009-2010),2,5900 ,287,21 ,3.928843227,0.0525,32650,696.500 ,,,,,,,,,,,400,400,8,2.89198606,36.71,109.84,Agriculture,54.19,,0.4542,1.387094849,21,43,
163,23,MWRC. 2014,Semiarid,Yellow River,Tangnaihai(1987-2010),24,122000 ,1553,149 ,576.4205987,0.304081633,599,99.200 ,,,,,,,,,,,490,490,0,1.14616871,35.5,100.15,Grassland,,,1.7,1.224885788,,,
164,23,MWRC. 2014,Semiarid,Yellow River,Lanzhou(1987-2010),24,222600 ,2184,121 ,854.0905632,0.255813953,1380,166.000 ,,,,,,,,,,,473,473,1,1.36446886,36.06,103.84,Grassland,,,1.4,1.248747562,,,
165,23,MWRC. 2014,Semiarid,Yellow River,Toudaoguai(1987-2010),24,367900 ,3472,42 ,494.6397768,0.106265664,2720,115.000 ,,,,,,,,,,,399,399,5,1.00230415,40.44,110.34,Grassland,,,1,1.2901,,,
166,23,MWRC. 2014,Semiarid,Yellow River,Longmen(1987-2010),24,497600 ,4164,38 ,599.5941147,0.09047619,19800,757.000 ,,,,,,,,,,,420,420,6,0.98463016,35.66,110.6,Grassland,,,0.9,1.303048807,,,
167,23,MWRC. 2014,Semiarid,Yellow River,Tongguan(1987-2010),24,682200 ,4314,35 ,757.1347032,0.079545455,24700,867.000 ,,,,,,,,,,,440,440,8,0.94807603,34.62,110.43,Grassland,,,,,,,
168,23,MWRC. 2014,Semiarid,Yellow River,Huayuankou(1987-2010),24,730000 ,4678,35 ,810.1851852,0.072916667,16800,593.000 ,,,,,,,,,,,480,440,8,0.93822146,34.91,113.67,Grassland,,,,,,,
169,23,MWRC. 2014,Semiarid,Yellow River,Gaocun(1987-2010),24,734100 ,4870,31 ,721.6229072,0.066810345,15400,477.000 ,,,,,,,,,,,464,464,10,0.90718686,35.39,115.09,Grassland,,,,,,,
170,23,MWRC. 2014,Semiarid,Yellow River,Aishan(1987-2010),24,749100 ,5050,27 ,641.3527397,0.058189655,17600,477.000 ,,,,,,,,,,,464,464,10,0.87841584,36.14,116.15,Grassland,,,,,,,
171,23,MWRC. 2014,Semiarid,Yellow River,Lijin(1987-2010),24,751900 ,5324,20 ,476.8518519,0.043103448,19500,383.000 ,,,,,,,,,,,464,464,11,0.83978212,37.62,118.32,Grassland,,,,,,,
172,23,MWRC. 2014,Humid continental,Yihe River,Linyi(1951-2010),60,10300 ,386,205 ,67.09791984,0.256796117,1030,206.000 ,,,,,,,,,,,800,800,13,1.13989637,35,118.4,Agriculture,,,1.9836,1.205924146,19,34,
173,23,MWRC. 2014,Humid continental,Yinghe River,Fuyang(1951-2010),60,35200 ,619,132 ,147.7359209,0.132357955,635,84.100 ,,,,,,,,,,,1000,1000,14,2.38610662,32.53,116.41,Agriculture,,,0.6438,1.344221124,18,48,
174,23,MWRC. 2014,Semi-arid continental,Yongding River,Yanchi(1963-2010),48,43700 ,747,14 ,19.10514967,0.027574371,201,2.780 ,,,,,,,,,,,500,500,8,2.55689424,40.02,115.84,Grassland,,,,,,,
175,23,MWRC. 2014,Humid subtropical,Yuanjiang River,Taoyuan(1951-2010),60,85200 ,1060,752 ,2031.329274,0.556946618,157,119.000 ,,,,,,,,,,,1350,1350,17,0.89622642,28.78,111.4,Forest,,,,,,,
176,23,MWRC. 2014,Humid subtropical,Yujiang River,Nanning(1954-2010),57,72700 ,1157,509 ,1173.896499,0.385477635,231,118.000 ,,,,,,,,,,,1321,1321,21,1.40017286,22.77,108.37,Forest,,,,,,,
177,23,MWRC. 2014,Humid subtropical,Zishui River,Taojiang(1951-2010),60,26700 ,590,860 ,728.0568239,0.61423221,86,73.400 ,,,,,,,,,,,1400,1400,17,0.77966102,28.55,112.11,Forest,,,,,,,
178,24,QIAO et al. 2009.,Humid subtropical,Dinghushan Nature Reserve ,Dinghu(2002-2005),3,11 ,3.3,1392 ,0.5,0.722212476,,,,,,,1.85,,,,,2.524271845,1927,1927,21,,23.154752,112.527761,Forest,78,,1.8,1.31,23,27,
179,25,QIU et al. 2013,Semiarid,Yellow River,Lijin(2010-2011),1,751900 ,5360,22 ,530,0.049508076,2961,65.820 ,12.92,2.39,,44.71917205,15.21,0.465487432,0.052799574,,0.747439819,0.518287006,449,449,10,0.83414179,37.62,118.32,Grassland,17.4002322,143.08,,,,,
180,26,Ran et al. 2013,Semiarid,Yellow River,Toudaoguai(2011-2012),1,367898 ,3472,47 ,551,0.117199493,1901,89.787 ,9.2,3.6,,,12.8,0.434903153,0.163088682,,,0.597991835,403,403,6,1.00230415,40.44,110.34,Grassland,,211.19,1,1.2901,,,
181,26,Ran et al. 2013,Semiarid,Yellow River,Tongguan(2011-2012),1,682166 ,4314,40 ,858,0.084753564,3640,144.379 ,21.8,4.1,,,25.9,0.864892123,0.161251074,,,1.026143197,468,468,8,0.97589244,34.62,110.43,Grassland,,,,,,,
182,26,Ran et al. 2013,Semiarid,Yellow River,Lijin(2008-2012),4,752000 ,5360,33 ,787.6,0.065145814,3590,118.574 ,16.5,3.3,,,19.8,0.545212766,0.079787234,,,0.625,507,440,11,0.85652985,37.62,118.32,Grassland,,148.87,,,,,
183,27,Ran et al. 2013,Semiarid,Yellow River,Huayuankou(2000-2005),6,730000 ,4678,30 ,685.1851852,0.067272727,5457,163.698 ,,,,,,,,,,,440,440,10,0.93822146,34.91,113.67,Grassland,,,,,,,
184,28,SUN et al. 2015,Humid subtropical,Xiangxi River,Zigui(2013),1,3099 ,94,410 ,40.3,0.372818446,,,,,,,0.66,,,,,0.270666192,1100,1100,12,13.82978723,30.97,110.77,Forest,,,1.9836,1.205924146,47,22,
185,29,Tan et al. 2014,Humid continental,Jinshuihe,Jinshui(2011-2012),1,1517 ,87,178 ,8.56,0.165996911,,,15.15,,,,,2.537,,,,2.537,1072,1072,13,17.09195402,33.28,107.86,Forest,,,1.9836,1.205924146,22,36,
186,30,Tao et al. 1998,Humid continental,Yichun River,Yichun(1993-1995),2,2466 ,84,271 ,21.2,0.456418197,,,,10.64,,,,,2.88,,,2.88,594,613.4,1,5.05952381,47.74,128.93,Forest,,,1.65,1.28,22,39,
187,31,Wang et al. 2011,Humid subtropical,Guijiang River,Wuzhou(2010),1,18790 ,438,767 ,457,0.460384856,,,0.27,1.55,,77.2,1.82,0.207090316,1.188851815,,59.21249039,1.395942131,1666,1666,18,3.53881279,23.49,111.32,Forest,,,,,,,
188,31,Wang et al. 2011,Humid subtropical,Lijiang River,Guilin(2010),1,2860 ,164,1400 ,126.9660071,0.736842105,,,0.36,0.99,,93.3,1.35,0.508104503,1.397287385,,131.6837505,1.905391888,1900,1900,19,9.48170732,25.22,110.34,Agriculture,,,1.45,1.244434839,,,
189,32,Wang et al. 2012,Humid subtropical,Yangtze River,Datong(2009),1,1705400 ,5756,457 ,24700,0.497547582,134,61.204 ,1.144231157,1.189398176,0.230351799,,2.333629332,0.891286502,0.926468864,0.179430046,,1.817755365,918,918,14,0.93606671,30.72,117.47,Forest,38,15.32,,,,,
190,32,Wang et al. 2012,Semiarid,Yellow River,Lijin(2009),1,751900 ,5360,18 ,420,0.037801575,2522,44.426 ,39.06012414,3.213172165,151.6215616,,42.2732963,0.517356031,0.042558851,2.008245777,,0.559914882,466,466,10,0.83414179,37.62,118.32,Grassland,18.6037318,152.6161138,,,,,
191,33,Wang et al. 2015,Subarctic,Heilongjiang River,Fuyuan(2009-2010),2,1451000 ,1854,145 ,6682,0.242044052,,,,7.45,,7.41,,,1.082012405,,1.16471399,,600,600,-1,1.06040992,48.39,134.54,Forest,,,,,,,
192,33,Wang et al. 2015,Humid continental,Songhuajiang River,Tongjiang(2009-2011),2,555600 ,1956,133 ,2350,0.190552299,,,,5.32,,8.97,,,0.683945284,,1.151907847,0.683945284,700,700,3,0.38343558,47.68,132.51,Agriculture,,,,,,,
193,33,Wang et al. 2015,Humid continental,Wusulijiang River,Haiqing(2009-2011),2,187000 ,890,221 ,1312,0.356867621,,,,6.72,,6.39,,,1.28342246,,1.390374332,1.28342246,620,620,3,1.08651685,47.86,133.66,Forest,,,,,,,
194,33,Wang et al. 2015,Subarctic,Heilong River,Tongjiang(2009-2011),2,528300 ,1650,147 ,2469,0.294765792,,,,12.33,,5.61,,,1.817149347,,1.495362483,,500,500,-1,1.18242424,47.75,132.42,Forest,,,,,,,
195,34,Wei et al. 2011,Humid subtropical,Xijiang River,Makou(1999-2006),8,353120 ,2214,655 ,7338,0.40328181,,,1.35,1.86,,,,0.88425,1.2183,,,2.10255,1625,1625,22,0.85591689,23.11,112.8,Forest,32.94,,,,,,
196,35,Wu et al. 2012,Humid subtropical,Pearl River,Pearl River Mouth(1950?1959),10,453700 ,2214,611 ,8783.61238,0.376873825,285.198556,174.124 ,,,,,,,,,,,1620,1549,20,0.85094851,22.93,113.56,Forest,,0.144404332,,,,,
197,35,Wu et al. 2012,Humid subtropical,Pearl River,Pearl River Mouth(1960?1969),10,453700 ,2214,597 ,8593.353628,0.37100062,280.4428044,167.512 ,,,,,,,,,,,1610,1549,20,0.85094851,22.93,113.56,Forest,,8.044280443,,,,,
198,35,Wu et al. 2012,Humid subtropical,Pearl River,Pearl River Mouth(1970?1979),10,453700 ,2214,663 ,9544.647387,0.397265861,275.7475083,182.940 ,,,,,,,,,,,1670,1549,20,0.85094851,22.93,113.56,Forest,,8.671096346,,,,,
199,35,Wu et al. 2012,Humid subtropical,Pearl River,Pearl River Mouth(1980?1989),10,453700 ,2214,600 ,8625.06342,0.356854225,319.8529412,191.757 ,,,,,,,,,,,1680,1549,20,0.85094851,22.93,113.56,Forest,29.72,10.91911765,,,,,
200,35,Wu et al. 2012,Humid subtropical,Pearl River,Pearl River Mouth(1990?1999),10,453700 ,2214,679 ,9766.615931,0.392406176,243.5064935,165.307 ,,,,,,,,,,,1730,1549,20,0.85094851,22.93,113.56,Forest,28.89,15,,,,,
201,35,Wu et al. 2012,Humid subtropical,Pearl River,Pearl River Mouth(2000?2009),10,453700 ,2214,591 ,8498.224252,0.357999212,134.3283582,79.348 ,,,,,,,,,,,1650,1549,20,0.85094851,22.93,113.56,Forest,,29.51492537,,,,,
202,36,Wu et al. 2013,Tropical Wet,Wanquanhe River,Boao(2006-2009),3,3693 ,157,1409 ,165,0.741579375,768.7222299,1083.130 ,,,,,,0.676956404,2.301651774,,,2.978608178,1900,1900,23,3.33121019,19.14,110.51,Forest,,,1.1368,1.274342094,,,
203,37,XIA & ZHANG. 2011,Humid continental,Daling River,Linghai(2005),1,23500 ,397,71 ,52.86,0.135115944,533.5,37.844 ,16.16,3,,32.52,19.16,1.14632367,0.212807612,,2.306834513,1.359131281,525,525,10,1.25440806,40.87,121.56,Agriculture,33.5,,,,,,
204,37,XIA & ZHANG. 2011,Semi-arid continental,Daqing River,Tianjin(2005),1,45131 ,448,98 ,140.5,0.178502904,226.15,22.203 ,2.64,4.75,,26.67,7.39,0.259186216,0.466338836,,2.618369842,0.725525052,550,550,12,2.22991071,38.67,117.52,Agriculture,,,,,,,
205,37,XIA & ZHANG. 2011,Semi-arid continental,Haihe River,Tianjin(2005),1,318000 ,1329,71 ,717,0.146005657,96.65,6.872 ,8.16,7.84,,40,16,0.580214798,0.557461277,,2.844190189,1.137676075,487,487,8,1.01203913,39.03,117.64,Agriculture,74.1,,,,,,
206,37,XIA & ZHANG. 2011,Humid continental,Liugu River,Suizhong(2005),1,3080 ,158,204 ,19.97,0.343766059,74.57,15.247 ,2.75,1.67,,17.63,4.42,0.562298143,0.341468327,,3.604842276,0.90376647,594.8,594.8,8.5,2.06329114,40.28,120.48,Agriculture,,,,,,,
207,37,XIA & ZHANG. 2011,Semi-arid continental,Luan River,Jianggezhuang(2005),1,44750 ,888,103 ,146,0.187069822,37.51,3.859 ,9.65,7.81,,45.71,17.46,0.992873082,0.803558421,,4.703028866,1.796431503,550,550,8.5,1.68806306,39.45,119.24,Agriculture,,,,,,,
208,37,XIA & ZHANG. 2011,Humid continental,Shuangtaizi River,Dawa(2005),1,4071 ,130,202 ,26.07629376,0.32,252.01,226.064 ,8.89,4.94,,30.24,13.83,7.974727004,4.431400607,,27.12663044,12.40612761,623.2,623.2,8.4,0.08461538,40.98,121.85,Agriculture,,,2.697,1.168165989,,,
209,37,XIA & ZHANG. 2011,Semi-arid continental,TuHaihe River,Zhanhua(2005),1,13902 ,436,43 ,19.06,0.071465567,203.65,8.805 ,9.04,4.64,,34.15,13.68,0.39085948,0.20061814,,1.476532216,0.59147762,605,605,13,0.11238532,38.08,118.06,Agriculture,,,0.6438,1.344221124,18,48,
210,37,XIA & ZHANG. 2011,Humid continental,Xiaoling River,Jinzhou(2005),1,5475 ,206,73 ,12.62,0.121152,38.64,2.809 ,6.54,4.43,,38.7,10.97,0.475400448,0.322022016,,2.81314944,0.797422464,600,600,10,3.1407767,40.97,121.22,Agriculture,,,,,,,
211,37,XIA & ZHANG. 2011,Semiarid,Xiaoqing River,Yangkou(2005),1,10336 ,237,123 ,40.27,0.1981728,95.64,11.751 ,7.35,7.66,,56.49,15.01,0.903073451,0.941162263,,6.940764525,1.844235715,620,620,13,0.24050633,37.27,118.88,Agriculture,,,,,,,
212,38,Xiuguo Wei. 2003,Humid subtropical,Beijiang River,Sanshui(2000-2001),1,46710 ,468,1092 ,1617,0.610746109,16.9,18.450 ,0.27,1.54,,69.11,,0.294761341,1.681231353,,75.44798622,1.975992694,1787.5,1787.5,20,1.0491453,23.17,112.83,Forest,,,,,,,
213,38,Xiuguo Wei. 2003,Humid subtropical,Dongjiang River,Boluo(2000-2001),1,25300 ,562,1016 ,815,0.586199079,28.25,28.699 ,0.37,1.52,,35,,0.375876711,1.544142166,,35.55590514,1.920018877,1733,1733,20,1.76512456,23.17,114.29,Forest,38,78,,,,,
214,38,Xiuguo Wei. 2003,Humid subtropical,Xijiang River,Makou(2000-2001),1,353120 ,2214,651 ,7293,0.4008087,50.59,32.950 ,0.53,1.37,,97.43,,0.345196493,0.892300367,,63.45753635,1.23749686,1625,1625,20,0.85591689,23.11,112.8,Forest,32.94,,,,,,
215,39,Yang et al. 2006,Humid continental,Jailingjiang River,Beibei(1954-1968),15,156700 ,1119,474 ,2352.785705,0.490673575,2156.40834,1021.059 ,,,,,,,,,,,965,965,15,0.61710037,29.79,106.48,Agriculture,,0.4,,,,,
216,39,Yang et al. 2006,Humid continental,Jailingjiang River,Beibei(1969-1985),17,156700 ,1119,439 ,2179.270865,0.454487047,2037.089996,893.427 ,,,,,,,,,,,965,965,15,0.61710037,29.79,106.48,Agriculture,,,,,,,
217,39,Yang et al. 2006,Humid continental,Jailingjiang River,Beibei(1986-2002),17,156700 ,1119,375 ,1864.837329,0.388911917,850.2026288,319.081 ,,,,,,,,,,,965,965,15,0.61710037,29.79,106.48,Agriculture,22.6,,,,,,
218,39,Yang et al. 2006,Humid continental,Jailingjiang River,Beibei(2003-2004),2,156700 ,1119,416 ,2067.072552,0.431088083,368.1704384,153.159 ,,,,,,,,,,,965,965,15,0.61710037,29.79,106.48,Agriculture,22.8,9.3,,,,,
219,39,Yang et al. 2006,Highlands,Jinshajiang River,Pingshan(1954-1968),15,485000 ,2316,309 ,4752.187976,0.437677054,1668.168018,515.464 ,,,,,,,,,,,706,706,8,1.30111111,28.65,104.38,Grassland,,0.45,,,,,
220,39,Yang et al. 2006,Highlands,Jinshajiang River,Pingshan(1969-1985),17,485000 ,2316,279 ,4296.962202,0.395750708,1549.712565,432.990 ,,,,,,,,,,,706,706,8,1.30111111,28.65,104.38,Grassland,,1,,,,,
221,39,Yang et al. 2006,Highlands,Jinshajiang River,Pingshan(1986-2002),17,485000 ,2316,313 ,4813.704972,0.443342776,1778.597543,556.701 ,,,,,,,,,,,706,706,8,1.30111111,28.65,104.38,Grassland,10.1,,,,,,
222,39,Yang et al. 2006,Highlands,Jinshajiang River,Pingshan(2003-2004),2,485000 ,2316,316 ,4859.842719,0.447592068,978.7289573,309.278 ,,,,,,,,,,,706,706,8,1.30111111,28.65,104.38,Grassland,10.4,5.6,,,,,
223,39,Yang et al. 2006,Highlands,Minjiang River(Sichuan),Gaochang(1954-1968),15,125400 ,735,739 ,2938.565449,0.682363804,647.4545325,478.469 ,,,,,,,,,,,1083,1083,11,3.63265306,28.79,104.43,Forest,,0.06,,,,,
224,39,Yang et al. 2006,Highlands,Minjiang River(Sichuan),Gaochang(1969-1985),17,125400 ,735,667 ,2652.264079,0.61588181,478.2297846,318.979 ,,,,,,,,,,,1083,1083,11,3.63265306,28.79,104.43,Forest,,0.87,,,,,
225,39,Yang et al. 2006,Highlands,Minjiang River(Sichuan),Gaochang(1986-2002),17,125400 ,735,667 ,2650.275875,0.615420129,478.5885467,318.979 ,,,,,,,,,,,1083,1083,11,3.63265306,28.79,104.43,Forest,15.3,1.66,,,,,
226,39,Yang et al. 2006,Highlands,Minjiang River(Sichuan),Gaochang(2003-2004),2,125400 ,735,715 ,2842.336377,0.660018467,446.2496731,318.979 ,,,,,,,,,,,1083,1083,11,3.63265306,28.79,104.43,Forest,13.9,1.73,,,,,
227,39,Yang et al. 2006,Humid subtropical,Wujiang River,Wulong(1954-1968),15,83035 ,1037,574 ,1510.038448,0.492697595,629.9798265,361.293 ,,,,,,,,,,,1164,1164,15,1.70684667,29.5,107.48,Forest,,0.24,,,,,
228,39,Yang et al. 2006,Humid subtropical,Wujiang River,Wulong(1969-1985),17,83035 ,1037,620 ,1632.473998,0.532646048,776.9751193,481.725 ,,,,,,,,,,,1164,1164,15,1.70684667,29.5,107.48,Forest,,1.88,,,,,
229,39,Yang et al. 2006,Humid subtropical,Wujiang River,Wulong(1986-2002),17,83035 ,1037,601 ,1581.39336,0.515979381,401.0361089,240.862 ,,,,,,,,,,,1164,1164,15,1.70684667,29.5,107.48,Forest,16.9,7.49,,,,,
230,39,Yang et al. 2006,Humid subtropical,Wujiang River,Wulong(2003-2004),2,83035 ,1037,586 ,1542.95123,0.503436426,267.1680658,156.560 ,,,,,,,,,,,1164,1164,15,1.70684667,29.5,107.48,Forest,19.6,9.57,,,,,
231,40,Yunhua Hu. 2014,Humid subtropical,Fujiang River,Xiaoheba(2001-2010),10,25600 ,700,554 ,450,0.568557692,1120.41265,621.094 ,,,,,,,,,,,975,975,16,3.92285714,30.02,106.04,Agriculture,,,,,,,
232,40,Yunhua Hu. 2015,Humid subtropical,Qujiang River,Luoxidu(2001-2010),10,38190 ,720,566 ,685,0.432123489,1490.591682,843.153 ,,,,,,,,,,,1309,1309,16,1.6,30.11,106.53,Agriculture,,,,,,,
233,41,Zhang & Wen. 2004,Humid continental,Jialingjiang River,Beibei(1954-1959),6,156000 ,1345,432 ,2137.23998,0.447721536,2196,948.718 ,,,,,,,,,,,965,965,15,0.61710037,29.79,106.48,Agriculture,,0.12,,,,,
234,41,Zhang & Wen. 2004,Humid continental,Jialingjiang River,Beibei(1960-1969),10,156000 ,1345,481 ,2378.234399,0.498206457,2427,1166.667 ,,,,,,,,,,,965,965,15,0.61710037,29.79,106.48,Agriculture,,0.42,,,,,
235,41,Zhang & Wen. 2004,Humid continental,Jialingjiang River,Beibei(1970-1979),10,156000 ,1345,387 ,1915.271436,0.401222267,1771,685.897 ,,,,,,,,,,,965,965,15,0.61710037,29.79,106.48,Agriculture,,1.06,,,,,
236,41,Zhang & Wen. 2004,Humid continental,Jialingjiang River,Beibei(1980-1989),10,156000 ,1345,490 ,2422.628108,0.507506311,1832,897.436 ,,,,,,,,,,,965,965,15,0.61710037,29.79,106.48,Agriculture,,3.67,,,,,
237,41,Zhang & Wen. 2004,Humid continental,Jialingjiang River,Beibei(1990-1996),7,156000 ,1345,367 ,1816.971081,0.380629733,855,314.103 ,,,,,,,,,,,965,965,15,0.61710037,29.79,106.48,Agriculture,22.9,5.1,,,,,
238,41,Zhang & Wen. 2004,Highlands,Jinshajiang River,Pingshan(1954-1959),6,485000 ,2316,305 ,4693.049214,0.432230367,1757,536.082 ,,,,,,,,,,,706,706,8,1.30111111,28.65,104.38,Grassland,,0.2,,,,,
239,41,Zhang & Wen. 2004,Highlands,Jinshajiang River,Pingshan(1960-1969),10,485000 ,2316,307 ,4724.759006,0.435150843,1612,494.845 ,,,,,,,,,,,706,706,8,1.30111111,28.65,104.38,Grassland,,0.6,,,,,
240,41,Zhang & Wen. 2004,Highlands,Jinshajiang River,Pingshan(1970-1979),10,485000 ,2316,274 ,4217.402334,0.388423235,1662,455.670 ,,,,,,,,,,,706,706,8,1.30111111,28.65,104.38,Grassland,,1,,,,,
241,41,Zhang & Wen. 2004,Highlands,Jinshajiang River,Pingshan(1980-1989),10,485000 ,2316,289 ,4439.370878,0.408866563,1829,527.835 ,,,,,,,,,,,706,706,8,1.30111111,28.65,104.38,Grassland,9.9,1.1,,,,,
242,41,Zhang & Wen. 2004,Highlands,Jinshajiang River,Pingshan(1990-1996),7,485000 ,2316,285 ,4375.951294,0.403025613,1870,531.959 ,,,,,,,,,,,706,706,8,1.30111111,28.65,104.38,Grassland,10.2,1.2,,,,,
243,41,Zhang & Wen. 2004,Humid subtropical,Longchuanjiang River,Huangguayuan(1964-1969),5,5560 ,231,192 ,33.92947742,0.240557554,3832,737.410 ,,,,,,,,,,,800,800,18.5,7.4978355,25.82,101.86,Forest,,,1.83,1.215829568,20,38,
244,41,Zhang & Wen. 2004,Humid subtropical,Longchuanjiang River,Huangguayuan(1970-1979),10,5560 ,231,140 ,24.73363775,0.175359712,5384,755.396 ,,,,,,,,,,,800,800,18.5,7.4978355,25.82,101.86,Forest,,,1.83,1.215829568,20,38,
245,41,Zhang & Wen. 2004,Humid subtropical,Longchuanjiang River,Huangguayuan(1980-1989),10,5560 ,231,103 ,18.07458143,0.128147482,6667,683.453 ,,,,,,,,,,,800,800,18.5,7.4978355,25.82,101.86,Forest,24.7,,1.83,1.215829568,20,38,
246,41,Zhang & Wen. 2004,Humid subtropical,Longchuanjiang River,Huangguayuan(1990-1996),7,5560 ,231,155 ,27.27042111,0.193345324,8032,1241.007 ,,,,,,,,,,,800,800,18.5,7.4978355,25.82,101.86,Forest,,,1.83,1.215829568,20,38,
247,41,Zhang & Wen. 2004,Humid subtropical,Yangtze River,Yichang(1954-1959),6,1005500 ,4529,435 ,13857.1791,0.41,1339,581.800 ,,,,,,,,,,,1060.023529,1060.023529,12,1.07076923,30.76,111.26,Forest,,0.29,,,,,
248,41,Zhang & Wen. 2004,Humid subtropical,Yangtze River,Yichang(1960-1969),10,1005500 ,4529,451 ,14364.53577,0.45,1212,545.997 ,,,,,,,,,,,1001.160285,1001.160285,12,1.07076923,30.76,111.26,Forest,,0.5,,,,,
249,41,Zhang & Wen. 2004,Humid subtropical,Yangtze River,Yichang(1970-1979),10,1005500 ,4529,413 ,13159.56367,0.43,1145,472.402 ,,,,,,,,,,,959.8371746,959.8371746,12,1.07076923,30.76,111.26,Forest,,0.92,,,,,
250,41,Zhang & Wen. 2004,Humid subtropical,Yangtze River,Yichang(1980-1989),10,1005500 ,4529,443 ,14110.85743,0.44,1265,559.920 ,,,,,,,,,,,1005.831563,1005.831563,12,1.07076923,30.76,111.26,Forest,,2.54,,,,,
251,41,Zhang & Wen. 2004,Humid subtropical,Yangtze River,Yichang(1990-1996),7,1005500 ,4529,419 ,13349.82243,0.44,966,404.774 ,,,,,,,,,,,951.5844672,951.5844672,12,1.07076923,30.76,111.26,Forest,20.9,3.76,,,,,
252,42,Zhang et al. 2006,Humid subtropical,Hanjiang River,Huangzhuang(1951-2000),50,142056 ,1577,336 ,1513,0.335881399,1211,407.515 ,,,,,,,,,,,1000,1000,15,0.60621433,31.08,112.53,Forest,,29,,,,,
253,42,Zhang et al. 2006,Humid continental,Jialingjiang River,Beibei(1956-2000),45,156142 ,1345,427 ,2115,0.454432504,1800,768.531 ,,,,,,,,,,,940,940,15,0.61710037,29.79,106.48,Agriculture,,3.38,,,,,
254,42,Zhang et al. 2006,Humid subtropical,Wujiang River,Wulong(1956-2000),45,83035 ,1037,597 ,1573,0.515010579,56,33.359 ,,,,,,,,,,,1160,1160,15,1.70684667,29.5,107.48,Forest,,3.27,,,,,
255,42,Zhang et al. 2006,Highlands,Yangtze River,Pingshan(1956-2000),45,485099 ,3600,294 ,4524,0.414228976,1858,546.280 ,,,,,,,,,,,710,710,8,1.41222222,28.65,104.38,Grassland,,,,,,,
256,42,Zhang et al. 2006,Humid subtropical,Yangtze River,Yichang(1950-2000),51,1005501 ,4550,436 ,13910,0.486903863,1161,506.116 ,,,,,,,,,,,896,896,12,1.15868132,30.76,111.26,Forest,,2.12,,,,,
257,42,Zhang et al. 2006,Humid subtropical,Yangtze River,Hankou(1954-2000),47,1488036 ,5360,477 ,22516,0.458829222,440,269.886 ,,,,,,,,,,,1040,1040,14,1.00223881,30.59,114.32,Forest,,,,,,,
258,42,Zhang et al. 2006,Humid subtropical,Yangtze River,Datong(1953-2000),48,1705383 ,5756,519 ,28066.13955,0.44,496,257.537 ,,,,,,,,,,,1179.545455,1087,14,0.85423905,30.72,117.47,Forest,,5.99,,,,,
259,43,Zhang et al. 2008,Humid subtropical,Beijiang River,Shijiao(1954-2004),51,38400 ,573,1086 ,1322.298326,0.615610828,129.4964029,140.625 ,,,,,,,,,,,1764,1764,20,0.86038394,23.55,112.97,Forest,36.16,12,,,,,
260,43,Zhang et al. 2008,Humid subtropical,Dongjiang River,Boluo(1957-2004),48,25300 ,562,909 ,729.3252156,0.524576405,104.3478261,94.862 ,,,,,,,,,,,1733,1733,20,1.76512456,23.17,114.29,Forest,38,78,,,,,
261,43,Zhang et al. 2008,Humid subtropical,Hongshuihe River,Qianjiang(1954-2004),51,128900 ,1573,517 ,2111.872146,0.351482719,633.6336336,327.386 ,,,,,,,,,,,1470,1470,16,1.30387794,23.63,108.98,Forest,26.03,,,,,,
262,43,Zhang et al. 2008,Humid subtropical,Liujiang River,Liuzhou(1954-2004),51,45400 ,773,879 ,1265.2207,0.597860289,127.8195489,112.335 ,,,,,,,,,,,1470,1470,17,1.24191462,24.26,109.68,Forest,28.64,,,,,,
263,43,Zhang et al. 2008,Humid subtropical,Nanpanjiang River,Xiaolongtan(1953-2004),52,15400 ,400,247 ,120.4972095,0.216830621,1289.473684,318.182 ,,,,,,,,,,,1138,1138,15,2.7375,23.81,103.2,Forest,27.09,,,,,,
264,43,Zhang et al. 2008,Humid subtropical,Xijiang River,Wuzhou(1954-2004),51,327000 ,2014,624 ,6468.797565,0.383909668,310.2941176,193.578 ,6.016988235,1.841523529,,,,3.753717431,1.148840367,,,4.902557798,1625,1625,20,0.86891758,23.49,111.32,Forest,32.94,,,,,,
265,43,Zhang et al. 2008,Humid subtropical,Xijiang River,Gaoyao(1957-2004),48,351500 ,2214,626 ,6972.983257,0.384987417,306.957708,192.034 ,5.953596453,1.832181583,,,,3.724597041,1.146221138,,,4.870818179,1625,1625,20,0.85230352,23.03,112.46,Forest,32.94,9,,,,,
266,43,Zhang et al. 2008,Humid subtropical,Xunjiang River,Dahuangjiangkou(1954-2004),51,288500 ,1812,594 ,5431.887367,0.395840555,337.4197315,200.347 ,,,,,,,,,,,1500,1500,20,1.17384106,23.58,110.22,Forest,,,,,,,
267,43,Zhang et al. 2008,Humid subtropical,Yujiang River,Nanning(1954-2004),51,72700 ,1157,510 ,1176.433283,0.38631065,247.9784367,126.547 ,,,,,,,,,,,1321,1321,21,1.40017286,22.77,108.37,Forest,28.36,,,,,,
268,44,Zhang et al. 2009,Humid subtropical,Luodingjiang River,Guanliang(2005),1,3164 ,201,518 ,52,0.334597012,7.58,85.967 ,2.04,2.39,,,3.9,1.07,1.24,,,2.31,1549,1549,20,4.83084577,22.84,111.68,Forest,,12,1.49,1.241090415,,,
269,45,Zhang et al. 2011,Humid subtropical,Guanliang Sub-Catchment L-1,2005,1,322 ,,518 ,5.289066464,0.35262083,,6.090 ,,,,,,0.15,0.74,,,0.89,1469,1469,22,4.9,22.514,111.5,Forest,,,1.57,1.234662806,20,38,
270,45,Zhang et al. 2011,Humid subtropical,Guanliang Sub-Catchment L-2,2005,1,949 ,,518 ,15.58796296,0.370529328,,6.830 ,,,,,,0.19,1.04,,,1.23,1398,1398,22,4.8,22.608,111.468,Forest,,,1.64,1.229301832,20,38,
271,45,Zhang et al. 2011,Humid subtropical,Guanliang Sub-Catchment L-3,2005,1,1982 ,,518 ,32.55568239,0.37920937,,15.150 ,,,,,,0.35,1.46,,,1.81,1366,1366,22,4,22.775,111.547,Forest,,,1.57,1.234662806,,,
272,45,Zhang et al. 2011,Humid subtropical,Guanliang Sub-Catchment L-4,2005,1,3164 ,,518 ,51.97082699,0.4046875,,13.130 ,,,,,,0.28,1.19,,,1.47,1280,1280,22,3.6,22.835,111.672,Forest,,12,1.49,1.241090415,,,
273,45,Zhang et al. 2011,Humid subtropical,Guanliang Sub-Catchment Q-1,2005,1,56 ,,518 ,0.919837646,0.370264475,,10.310 ,,,,,,0.3,0.81,,,1.11,1399,1399,22,4.3,22.875,111.633,Forest,,,1.73,1.222735879,23,27,
274,45,Zhang et al. 2011,Humid subtropical,Guanliang Sub-Catchment Q-2,2005,1,260 ,,518 ,4.270674784,0.388014981,,26.430 ,,,,,,0.53,1.01,,,1.54,1335,1335,22,3.6,22.833,111.655,Forest,,,1.35,1.253217146,23,27,
275,45,Zhang et al. 2011,Humid subtropical,Guanliang Sub-Catchment S-1,2005,1,248 ,,518 ,4.073566717,0.357982032,,5.570 ,,,,,,0.21,0.76,,,0.97,1447,1447,22,4.8,22.711,111.33,Forest,,,1.8,1.217861019,23,27,
276,45,Zhang et al. 2011,Humid subtropical,Guanliang Sub-Catchment S-2,2005,1,427 ,,518 ,7.01376205,0.373198847,,7.780 ,,,,,,0.21,1.05,,,1.26,1388,1388,22,3.7,22.746,111.516,Forest,,,1.6,1.232336554,20,38,
277,45,Zhang et al. 2011,Humid subtropical,Guanliang Sub-Catchment W-1,2005,1,190 ,,518 ,3.120877727,0.396934866,,3.080 ,,,,,,0.07,0.46,,,0.53,1305,1305,22,4.7,22.544,111.582,Forest,,,1.43,1.246141811,24,24,
278,45,Zhang et al. 2011,Humid subtropical,Guanliang Sub-Catchment W-2,2005,1,21 ,,518 ,0.344939117,0.418079096,,1.800 ,,,,,,0.09,0.43,,,0.52,1239,1239,22,4.4,22.589,111.63,Forest,,,1.71,1.224164965,23,27,
279,45,Zhang et al. 2011,Humid subtropical,Guanliang Sub-Catchment W-3,2005,1,86 ,,518 ,1.412607813,0.593356243,,1.740 ,,,,,,0.06,0.67,,,0.73,873,873,22,2.8,22.603,111.619,Forest,,,1.28,1.259760896,23,27,
280,45,Zhang et al. 2011,Humid subtropical,Guanliang Sub-Catchment W-4,2005,1,629 ,,518 ,10.33174784,0.478743068,,6.030 ,,,,,,0.15,0.83,,,0.98,1082,1082,22,3.4,22.708,111.664,Forest,,,1.41,1.247872825,20,38,
281,45,Zhang et al. 2011,Humid subtropical,Guanliang Sub-Catchment W-5,2005,1,798 ,,518 ,13.10768645,0.486842105,,9.180 ,,,,,,0.16,1.17,,,1.33,1064,1064,22,2.9,22.825,111.668,Forest,,,1.38,1.250515938,20,38,
282,46,ZHANG et al. 2013,Humid subtropical,Beijiang River,Shijiao(Apr 2012),1,38400 ,573,1281 ,2260,0.61,88,163.330 ,2.03,2.53,4.3,18.28,4.56,,,,,,2088.8,2088.8,20,0.86038394,23.55,112.97,Forest,,,,,,,
283,46,ZHANG et al. 2013,Humid subtropical,Beijiang River,Shijiao(Jul 2012),1,38400 ,573,1281 ,3390,0.61,235,654.249 ,4.11,2.73,0.91,12.49,6.84,,,,,,2088.8,2088.8,20,0.86038394,23.55,112.97,Forest,,,,,,,
284,46,ZHANG et al. 2013,Humid subtropical,Dongjiang River,Boluo(Apr 2012),1,25300 ,562,1104 ,886,0.630931925,118,130.317 ,4.2,2.45,4.5,8.23,6.65,,,,,,1750.4,1750.4,20,1.76512456,23.17,114.29,Forest,70,75,,,,,
285,46,ZHANG et al. 2013,Humid subtropical,Dongjiang River,Boluo(Jul 2012),1,25300 ,562,1070 ,1995,0.61,176,437.665 ,5.71,2.97,1.69,5.91,8.68,,,,,,1750.4,1750.4,20,1.76512456,23.17,114.29,Forest,70,75,,,,,
286,46,ZHANG et al. 2013,Humid subtropical,Pearl River,Pearl River Mouth(2012),1,453700 ,2214,772 ,11100,0.465009759,113.0979966,295.349 ,15.74133798,7.115084767,6.359500544,50.68710829,22.85642275,5.510249063,2.490632577,2.226140622,17.74300198,8.044963632,1659.2,1659.2,20,0.85094851,22.93,113.56,Forest,,39.86061118,,,,,
287,46,ZHANG et al. 2013,Humid subtropical,Xijiang River,Gaoyao(Apr2012),1,351500 ,2214,362 ,4030,0.188246447,119,43.026 ,5.26,1.67,2,22.69,6.93,,,,,,1920.7,1920.7,20,0.85230352,23.03,112.46,Forest,,,,,,,
288,46,ZHANG et al. 2013,Humid subtropical,Xijiang River,Gaoyao(Jul 2012),1,351500 ,2214,831 ,9260,0.432546426,441,366.379 ,5.85,2.07,1.64,16.72,7.92,,,,,,1920.7,1920.7,20,0.85230352,23.03,112.46,Forest,,,,,,,
289,47,Zhang et al. 2013,Semiarid,Yellow River,"Lijin(2003, 2006, 2007, 2010)",4,751900 ,5360,42 ,1001.388889,0.093333333,380,5.100 ,4,2.7,,,6.7,0.517356031,0.042558851,,,0.559914882,450,440,10,0.83414179,37.62,118.32,Grassland,,279.9361333,,,,,
290,47,Zhang et al. 2013,Semiarid,Yellow River,"Huayuankou(2003, 2006, 2007, 2010)",4,730000 ,4678,38 ,870.3703704,0.054178674,1396,35.461 ,6.34,2.66,,,9,0.161046144,0.067568256,,,0.2286144,694,440,10,0.93822146,34.91,113.67,Grassland,,240,,,,,
291,47,Zhang et al. 2013,Semiarid,Yellow River,"Tongguan(2003, 2006, 2007, 2010)",4,682200 ,4314,36 ,782,0.062326631,2733,98.796 ,13.85,3.22,,,17.07,0.500669826,0.116401216,,,0.617071042,580,440,8,0.94807603,34.62,110.43,Grassland,,,,,,,
292,47,Zhang et al. 2013,Semiarid,Yellow River,Huayuankou(2010),1,730000 ,4678,42 ,982,0.061127378,473.1,20.070 ,2.35,3.12,,,5.47,0.09969264,0.132357888,,,0.232050528,694,694,10,0.93822146,34.91,113.67,Grassland,,212.35,,,,,
293,48,Zhang et al. 2014,Humid subtropical,Yangtze River,Datong(2006-2007),1,1705400 ,5756,374 ,20215,0.376447871,66.31757748,42.277 ,1.729223934,1.076165959,,11.89301355,4.784,1.102380673,0.686056057,,7.581798991,1.78843673,993,993,14,0.93606671,30.72,117.47,Forest,37,15.31,,,,,
294,49,Zhang et al. 2015,Humid subtropical,Beijiang River,Shijiao(2012),1,46710 ,468,1526 ,2260,0.730479984,,,2.03,2.53,,18.28,4.56,,,,,,2088.8,2088.8,20,0.85230352,23.03,112.46,Forest,,,,,,,
295,49,Zhang et al. 2015,Humid subtropical,Beijiang River,Shijiao(2012),1,46710 ,468,1281 ,3390,0.61,,,4.11,2.73,,12.49,6.84,,,,,,2088.8,2088.8,20,0.85230352,23.03,112.46,Forest,,,,,,,
296,49,Zhang et al. 2015,Humid subtropical,Dongjiang River,Boluo(2012),1,27040 ,562,1033 ,886,0.590332015,,,4.2,2.45,,9.23,6.65,,,,,,1750.4,1750.4,20,1.76512456,23.17,114.29,Forest,70,75,,,,,
297,49,Zhang et al. 2015,Humid subtropical,Dongjiang River,Boluo(2012),1,27040 ,562,1070 ,1995,0.61,,,5.71,2.97,,5.91,8.68,,,,,,1750.4,1750.4,20,1.76512456,23.17,114.29,Forest,70,75,,,,,
298,50,Zhang et al. 2015,Humid subtropical,Weichenghe River,Liujia(1981),1,249 ,16,627 ,4.95,0.480398837,,440.161 ,,,,,,,,,,,1305,1305,16.5,,31.45,105.03,Agriculture,18.15,,0.75,1.37,21,35,
299,50,Zhang et al. 2015,Humid subtropical,Weichenghe River,Liujia(1983),1,249 ,16,579 ,4.57,0.469038293,,518.072 ,,,,,,,,,,,1234,1234,16.5,,31.45,105.03,Agriculture,18.15,,0.75,1.37,21,35,
300,50,Zhang et al. 2015,Humid subtropical,Weichenghe River,Liujia(1987),1,249 ,16,205 ,1.62,0.24166546,,148.594 ,,,,,,,,,,,849,849,16.5,,31.45,105.03,Agriculture,18.15,44.66774402,0.75,1.37,21,35,
301,49,Zhang et al. 2015,Humid subtropical,Xijiang River,Gaoyao(2012),1,353120 ,2214,360 ,4030,0.187382833,,,5.26,1.67,,22.69,6.93,1.893106652,0.601043367,,8.166271849,2.494150018,1920.7,1920.7,20,0.86038394,23.55,112.97,Forest,,,,,,,
302,49,Zhang et al. 2015,Humid subtropical,Xijiang River,Gaoyao(2012),1,353120 ,2214,827 ,9260,0.430562043,,,5.85,2.07,,16.72,7.92,4.83795,1.71189,,13.82711424,6.549685691,1920.7,1920.7,20,0.86038394,23.55,112.97,Forest,,,,,,,
303,51,Zhiyuan Liu. 2014,Semiarid,Yellow River,Lijin(2009),1,751900 ,5360,18 ,421,0.040130627,,,,,,,,0.41627876,0.060513366,0.800638383,0.691581327,0.476792127,440,440,10,0.87966418,37.62,118.32,Grassland,18.6037318,152.6161138,,,,,
304,51,Zhiyuan Liu. 2014,Semiarid,Yellow River,Lijin(2008-2012),4,751900 ,5360,42 ,1001.388889,0.091503268,,,,,,,,0.599813805,0.080994813,2.274238596,0.938954648,0.680808618,459,440,10,0.87966418,37.62,118.32,Grassland,,148.87,,,,,
305,52,Zhu et al. 2007,Humid subtropical,Longchuanjiang River,Huangguayuan(1960-2001),42,5560 ,231,216 ,38.08,0.26998446,6585,964.029 ,,,,,,,,,,,800,800,18.5,3.9047619,25.82,101.86,Forest,,,1.83,1.215829568,20,38,
306,53,Zhu et al. 2008,Humid subtropical,Longchuanjiang River,Huangguayuan(2000),1,5560 ,231,261 ,46,0.293156576,,1762.590 ,,,,,,,,,,,890,890,17.2,7.4978355,25.82,101.86,Forest,,,1.83,1.215829568,20,38,
307,53,Zhu et al. 2008,Humid subtropical,Longchuanjiang River,Huangguayuan(1980),1,5560 ,231,45 ,8,0.075625899,,359.712 ,,,,,,,,,,,600,600,17.2,7.4978355,25.82,101.86,Forest,,,1.83,1.215829568,20,38,
308,54,Zhu et al. 2012,Semi-arid continental,Haihe River,Haihezha(1965-2005),41,318000 ,1329,68 ,685.6925419,0.121428571,102.55,1.541 ,59.54957611,,19.8498587,,,0.057803468,,0.019267823,,0.057803468,560,560,9,1.72761475,38.99,117.72,Agriculture,,,,,,,
309,54,Zhu et al. 2012,Humid continental,Huaihe River,Bangbu(1965-2005),41,131600 ,1000,221 ,921.7402334,0.256838906,403.88,91.185 ,38.42786833,,31.36968843,,,1.117021277,,0.911854103,,1.117021277,860,860,15,1.123,33.14,118.01,Agriculture,,,,,,,
310,54,Zhu et al. 2012,Humid continental,Liaohe River,Liujianfang(1965-2005),41,136500 ,1200,22 ,96,0.040252568,1591.28,36.630 ,60.49639802,,120.992796,,,0.183150183,,0.366300366,,0.183150183,551,551,7,0.66,41.27,122.52,Agriculture,,,,,,,
311,54,Zhu et al. 2012,Humid subtropical,Minjiang River(Fujian),Zhuqi(1965-2005),41,54500 ,577,943 ,1630,0.551571222,114.38,128.440 ,69.60555453,,24.98660932,,,3.577981651,,1.28440367,,3.577981651,1710,1710,18,0.60311958,26.14,119.13,Forest,,,,,,,
312,54,Zhu et al. 2012,Humid subtropical,Pearl River,"Gaoyao, Shijiao & Boluo(1965-2005)",41,453700 ,2214,628 ,9035,0.40674169,266.27,167.512 ,9.862945689,,5.879089195,,,2.810227022,,1.675115715,,2.810227022,1544,1544,20,0.85094851,22.93,113.56,Forest,,16,,,,,
313,54,Zhu et al. 2012,Humid subtropical,Qiantang River,Hangzhou(1965-2005),41,23000 ,688,870 ,634.6714866,0.548341141,134.75,130.435 ,160.7490035,,65.16851492,,,3.217391304,,1.304347826,,3.217391304,1587,1587,15,0.28633721,30.28,120.26,Forest,,,1.45,1.244434839,,,
314,54,Zhu et al. 2012,Humid continental,Songhuajiang River,Jiamusi(1965-2005),41,528300 ,1956,124 ,2072,0.2346957,194.37,24.607 ,7.705568188,,3.76587919,,,0.503501798,,0.246072307,,0.503501798,527,527,3,0.3696319,46.85,130.38,Agriculture,,,,,,,
315,54,Zhu et al. 2012,Humid subtropical,Yangtze River,Datong(1965-2005),41,1705400 ,5756,530 ,28646,0.494600858,458.27,242.758 ,3.048114206,,2.687221639,,,2.753606192,,2.427582972,,2.753606192,1071,1071,14,0.92373176,30.72,117.47,Forest,,8.6,,,,,
316,54,Zhu et al. 2012,Semiarid,Yellow River,Lijin(1965-2005),41,751900 ,5360,42 ,993,0.089758955,24832.43,1034.124 ,168.521658,,578.2314449,,,5.277297513,,18.1074611,,5.277297513,464,464,10,0.83414179,37.62,118.36,Grassland,,,,,,,
